feat_04,feat_01,feat_09,feat_05,feat_03,feat_10,feat_02,feat_08,feat_07,feat_06
0.8058,0.6656,-0.8672,45.4936,30.7915,Z,0.5349,22.4101,B,39.2537
0.2171,-0.4476,-0.3656,33.089,30.2205,Y,0.1296,28.8129,A,58.1181
0.8327,-0.6035,0.3418,46.3535,31.9896,Y,1.0949,13.7586,B,48.4671
0.5684,-0.7422,-0.1653,49.592,8.4553,Y,-0.017,21.0912,B,37.2685
0.6687,0.5566,-0.8892,51.048,9.8878,Y,1.0231,18.6122,B,38.0499
0.8516,-0.533,0.7877,38.3264,31.4625,Y,-0.9224,12.0512,A,64.1781
0.4055,-1.6759,-0.5396,56.5023,11.1683,Z,0.6094,16.4256,A,20.9061
0.9196,0.6227,-0.4993,37.5033,32.1419,X,-0.2241,25.6353,B,32.7967
0.8813,-0.7013,-1.3797,47.6996,30.794,Y,0.1942,17.6552,A,56.5427
0.8077,0.357,-0.786,63.4166,29.3812,X,0.0717,16.387,A,64.4202
0.3799,0.3738,0.6518,42.8824,10.7244,Z,0.9363,24.3413,A,22.865
0.5282,1.2036,-1.6177,44.75,7.9948,Y,-2.0196,24.9444,B,33.3962
0.1731,1.0445,-0.0712,61.0335,6.7211,X,0.3231,24.9339,A,17.0783
0.7594,-0.575,0.7177,46.0529,31.1613,X,-1.4945,16.0515,B,43.1327
0.8909,-0.1664,-0.3771,46.9474,29.8897,Z,1.2068,19.71,A,57.9562
0.1608,-1.2904,0.2398,52.2736,30.6168,Z,-1.9727,25.1533,B,56.1671
0.7447,1.6773,-1.1168,60.7842,26.6046,X,-1.0038,16.7198,A,56.1443
0.6942,0.4416,1.3103,27.3537,29.2698,X,-1.6739,16.2533,A,61.7193
0.0365,1.3944,1.1011,41.4883,28.8003,Y,1.6392,24.1412,B,47.6731
0.9169,-0.319,0.2355,39.6509,28.2716,Z,-1.289,27.8117,B,34.7018
0.4791,-2.0491,-1.7551,38.8559,5.49,Y,0.1139,14.2396,A,14.089
0.2692,1.5317,-1.046,41.2222,9.3303,Z,-0.5358,7.0122,B,43.4888
0.0302,0.0931,0.9767,41.3845,31.7946,Z,-1.7998,12.7484,B,40.4894
0.7818,0.1332,1.7131,53.0922,10.762,Y,-0.3373,14.9377,B,40.3957
0.3378,0.0555,0.2966,40.8787,8.7981,X,0.6627,19.3116,B,37.7104
0.5135,0.6447,1.2473,51.2558,29.9702,Z,-0.1843,23.0792,B,25.5322
0.1947,0.5331,-0.6078,54.1142,31.5136,Y,0.9411,19.2675,A,62.9848
0.607,-1.5905,-0.1894,42.5195,24.4792,Y,-0.3619,16.4983,A,46.5534
0.3972,1.0869,0.0011,51.3388,29.7509,X,0.0069,20.7668,A,59.1472
0.8066,-0.529,0.4231,66.7752,31.0864,Y,-0.3848,15.1906,A,57.7673
0.6663,-0.467,-1.5288,53.3005,31.3643,Z,0.3436,19.7654,A,59.3245
0.7217,1.7274,0.9407,43.4702,13.4015,Z,1.8989,16.7922,B,38.2456
0.2512,0.9206,1.3225,49.3348,12.2701,Y,0.3622,33.4017,A,24.7241
0.0639,-0.3382,-1.1487,40.6206,10.6251,Z,0.1944,24.0839,B,28.544
0.88,-1.8564,-1.3553,52.7714,30.604,Z,-0.6184,15.8249,B,26.0112
0.9357,0.1616,0.3506,58.8245,11.5739,X,-0.7555,15.0153,A,21.165
0.6435,0.5387,-0.6543,41.6206,8.9213,Z,1.4641,17.8091,A,17.5138
0.9218,-0.0805,-2.3708,47.8606,9.9196,Z,-1.1122,11.7756,B,32.2652
0.7063,-1.246,0.8086,61.373,31.8125,Y,-0.9131,16.3475,A,63.407
0.6058,-0.7907,0.1556,44.9151,13.9149,X,-0.0975,16.3089,A,31.6912
0.4191,-1.2552,-0.4766,51.921,9.6815,Z,-0.4263,24.4196,A,21.9582
0.3556,0.2154,2.1134,39.5387,29.9032,X,1.9562,17.867,B,29.0269
0.4897,0.8194,0.1389,41.6321,30.397,X,-2.3662,16.0473,B,42.393
0.2224,1.0254,-0.7534,44.7654,32.6864,Y,0.3614,13.2977,B,37.4421
0.4277,-0.7322,0.1012,71.7632,29.9394,X,0.7127,14.1168,A,59.789
0.5076,0.235,-1.0401,45.9095,32.9387,X,-1.1205,19.6682,A,68.2952
0.0312,0.5541,-0.7617,44.7004,8.0667,Z,-0.6446,18.9244,B,54.0499
0.3936,-0.5111,0.3864,44.3681,29.6279,Y,0.4326,25.6713,B,41.5577
0.2845,-0.1485,-0.5542,48.344,29.6037,X,1.6295,16.8543,B,40.9949
0.6342,2.1239,-0.451,56.5593,31.573,Y,-0.9205,25.2959,A,61.5866
0.8118,0.2051,1.6689,51.8949,12.0905,X,-1.5792,21.2856,B,44.6667
0.6144,0.883,0.8596,70.5781,26.9811,Y,0.9725,19.9768,B,38.0314
0.6639,-0.4348,0.8028,52.1379,8.1698,Z,1.5237,9.9585,B,46.6561
0.6139,0.0418,0.5288,64.474,10.6737,Z,-0.335,13.5497,A,20.6736
0.2562,-1.7143,0.4842,52.7671,8.6826,Z,-2.2138,23.7071,A,19.1857
0.3763,-0.0251,1.4566,56.0558,6.9551,Z,1.4519,26.9891,A,11.427
0.8442,1.1923,-0.0195,35.564,32.077,X,-0.1985,21.0322,A,63.596
0.946,2.0989,1.8555,48.7294,10.9879,Y,1.1239,23.8126,B,47.0519
0.1812,1.1966,-0.9514,49.3105,30.9864,Z,-0.0435,17.9614,B,37.1945
0.0106,0.6869,-0.255,47.5704,29.0491,X,-0.3756,18.1432,B,33.6626
0.9615,0.053,-1.3786,28.4712,32.0579,Y,-0.4519,16.6852,B,37.873
0.8596,-0.6,-0.3438,58.8062,29.5201,Y,1.4734,24.8735,B,28.9606
0.6076,-0.1603,0.5184,46.1285,32.1929,X,1.4345,21.714,B,40.9516
0.8169,0.6128,1.4512,45.6193,8.1767,X,-2.1378,18.8292,A,13.7116
0.5943,-0.7851,-0.6633,47.4483,28.2917,X,-0.9363,18.358,B,49.1603
0.9048,0.9331,0.0053,47.7192,10.4093,Y,1.7771,22.7825,B,31.1279
0.2433,-0.9841,-0.3592,54.071,28.5953,Y,-0.3673,21.6156,A,57.4256
0.4441,-1.7792,-0.7386,37.2897,11.3509,Z,-1.3605,15.8398,B,36.7622
0.6706,-1.0121,-1.1894,40.6896,30.5202,Z,0.0045,28.5799,A,64.3054
0.2156,-1.6654,0.0607,52.9063,8.1541,X,-0.1084,21.2851,B,33.4281
0.7148,-1.3723,-1.7321,51.4558,30.1457,Y,-0.0973,20.0524,B,34.4781
0.2624,1.1321,0.1105,46.2335,9.2974,Z,-0.4796,27.3864,A,17.0907
0.71,-0.2002,0.021,44.2609,31.8317,Z,-0.3101,25.1201,B,46.9172
0.8042,0.2186,-0.6578,41.6558,28.7349,Z,-0.4559,19.5602,A,57.9215
0.4242,1.1581,-1.0109,49.4164,9.1217,X,0.3339,22.6799,A,16.4487
0.9901,1.2591,-1.3843,61.8073,32.4225,Y,-0.8127,14.6501,B,27.602
0.6314,-0.5046,1.8713,39.4195,34.4772,Y,-0.2896,16.7958,A,66.6553
0.7566,1.3286,-1.342,65.2332,33.998,X,-0.1441,8.6983,B,22.1558
0.0206,0.3846,1.5577,58.4398,30.1264,X,1.3057,26.1018,B,45.9986
0.1128,0.0033,0.6002,45.4704,10.4377,Y,0.3734,10.5079,A,18.4037
0.7115,0.4421,-0.364,57.8307,13.0669,X,-0.1097,23.4064,B,43.8503
0.9431,-1.4256,-1.1571,35.341,29.7511,X,0.5362,15.8466,B,54.9466
0.6282,-0.7861,1.0425,32.6843,28.0473,Y,0.4061,15.1051,A,59.0041
0.9128,-0.1081,1.7297,37.1022,10.2338,Z,1.0878,19.0248,A,25.1924
0.0592,0.6097,-0.934,45.9025,30.903,Z,0.5065,21.3321,A,62.7722
0.8916,-0.372,-0.2987,46.7459,28.3417,Y,1.7939,23.0605,A,55.2508
0.8773,-0.1273,1.0516,44.8486,26.7075,Z,1.3446,28.8582,A,54.8249
0.6289,0.9694,0.3358,50.9942,7.1265,X,-0.041,21.7931,B,32.3736
0.4295,1.4117,2.0,28.6485,31.3309,Y,-0.4145,24.406,B,39.1225
0.7049,0.7671,-0.5701,54.9535,8.4832,Z,0.8826,17.0076,A,16.2978
0.2439,1.2684,0.5423,35.807,9.7173,Y,0.5166,23.5686,B,51.7659
0.6676,-0.4044,-1.2509,43.3915,30.4251,Y,-0.0946,20.7663,A,62.453
0.6943,-0.3064,2.0959,45.8715,31.2383,X,-1.477,17.6841,B,31.1455
0.5399,0.3184,-0.7303,38.4379,29.3302,X,-1.8324,19.5201,B,37.8435
0.2601,-0.3011,-2.208,36.29,10.9974,X,0.3483,19.6897,B,38.1833
0.0021,-0.5071,-0.1258,39.9392,28.2199,Y,0.7708,20.9556,B,41.329
0.1958,1.6521,-0.1394,49.8808,9.2766,X,0.8034,22.007,A,19.1351
0.8338,-0.2012,1.9156,55.8998,7.9512,Y,-1.2872,17.4555,B,38.2911
0.2123,-0.966,-0.3388,55.6424,12.2635,X,1.0373,16.2961,A,25.0865
0.0743,0.4874,-0.0126,40.0551,9.9458,Z,-0.5342,23.7374,B,22.885
0.2466,1.8358,0.5934,42.0842,28.5214,Z,0.3884,11.5172,A,58.2573
0.5192,0.0808,1.5863,40.794,29.2953,X,0.4167,16.909,A,57.4315
0.5863,1.2314,-0.0632,54.4981,29.5565,Z,-0.8025,27.7631,B,41.0601
0.8771,-0.4378,1.0395,29.6258,31.401,Y,-0.5913,6.464,B,41.7661
0.8548,-0.4913,0.5181,62.3834,26.8087,Z,-2.0731,16.5347,A,52.8087
0.9687,-0.6898,-0.2962,45.152,7.9256,Z,-0.9167,23.4386,B,34.8724
0.8843,-0.1434,0.0776,42.1648,29.2438,Z,-1.8025,11.7484,A,55.0451
0.4503,1.8363,0.0287,53.3945,35.0646,Y,0.4374,32.9907,B,42.7925
0.1419,-1.1555,-0.916,60.3262,11.9114,Y,0.0614,7.058,B,34.558
0.9558,1.6372,1.2137,53.4258,29.7771,Z,0.9141,27.1828,B,56.3191
0.2288,-1.0084,-1.3856,60.5274,31.424,Y,0.3565,27.7867,A,61.9643
0.6221,-0.2338,1.1712,51.3436,34.1149,X,-0.6348,24.5818,A,65.3851
0.2645,0.8358,0.9544,62.2964,9.5325,Y,0.3462,18.8921,A,18.7757
0.8168,0.6303,-0.093,62.4516,29.2672,Y,-0.3904,21.7859,B,60.072
0.2008,0.282,-0.7654,49.0052,12.4239,X,0.6091,15.5138,A,22.9325
0.4208,-1.6494,-0.2264,64.3921,30.9884,X,0.3154,24.0466,A,62.1792
0.2197,0.3622,0.4728,51.6473,31.3427,Y,-0.9886,14.4007,A,63.5918
0.8606,-1.0224,0.7431,50.8689,8.9836,Z,0.0022,18.6306,B,35.6704
0.6194,2.5689,0.2869,40.7853,33.8484,Y,0.0553,24.9812,B,38.2999
0.6308,-0.2134,0.9921,47.1122,33.4192,Y,-0.3077,14.4285,A,63.9981
0.3145,0.1887,-0.5574,57.7758,11.1319,X,0.8949,18.1787,A,20.6372
0.1765,-1.1467,0.2346,36.8735,31.3686,X,1.7131,20.8213,A,60.8505
0.8573,-0.4789,-1.5683,56.4962,25.9455,X,-0.3677,13.2911,A,53.3839
0.7646,-1.291,0.7636,53.4862,31.2754,X,-0.3507,25.8219,B,30.3827
0.7344,0.9815,0.1532,52.7756,29.6118,X,-2.2481,21.7039,B,39.6033
0.9971,-0.262,-0.4156,27.9351,10.8678,Y,-0.1289,12.4221,B,32.847
0.5595,0.5627,1.1615,48.9676,11.3649,Y,-0.4362,19.7652,A,26.1426
0.1786,-0.6846,0.6915,56.4826,9.3174,X,-2.1612,16.1233,A,20.3379
0.6095,-0.5011,-2.8164,42.3705,6.619,Z,0.2885,16.7122,A,12.5392
0.2873,1.2882,0.0399,50.9031,10.7357,Y,0.591,20.3837,B,44.0378
0.5129,-0.9717,-1.455,26.2193,28.5172,Z,-0.7341,16.4515,B,42.8487
0.4593,-1.8014,1.0667,56.7139,29.3396,Z,-0.3726,24.8226,A,61.6092
0.5635,0.4062,2.4891,43.3757,8.791,Y,-0.9665,16.4767,A,14.5537
0.9214,-1.1413,-0.5185,58.7136,9.3169,X,0.7625,24.9085,B,37.5376
0.8102,-0.4395,0.0746,31.5721,25.381,X,-1.5174,19.7812,A,53.7606
0.4151,0.9116,-0.251,56.9227,32.4339,X,-0.3133,24.2788,B,31.3261
0.8173,-0.8186,0.3508,47.6306,30.5067,Y,1.9511,17.2933,B,50.7258
0.8605,0.8785,0.6445,58.076,32.2228,Y,0.0516,17.4736,A,63.1332
0.774,-0.6812,1.2872,40.7429,33.9597,Y,0.4679,14.2377,B,34.0104
0.5514,1.4907,-0.9874,43.8154,30.0452,X,-0.1467,22.8899,B,36.0868
0.8993,1.3251,1.5716,72.4245,26.3951,Z,-1.1744,24.689,B,34.5841
0.492,-0.4714,-0.9315,41.7005,28.2122,Z,-0.0327,30.5959,A,50.8639
0.106,-0.2132,0.2771,42.9397,27.5862,Y,0.4065,26.4526,B,34.2573
0.2721,-0.8319,1.1586,47.2342,28.9963,X,-1.0226,21.2489,A,63.2941
0.6575,0.2,0.7132,39.7744,30.1593,X,0.3416,18.9451,B,33.7469
0.3791,1.1492,-0.9386,61.9046,25.9956,Z,1.2449,21.9435,B,21.8198
0.4228,-1.4468,-0.7019,67.2501,10.685,X,1.0697,19.8613,A,24.5259
0.4022,0.9174,-0.4623,42.9589,26.9793,Y,-1.5827,27.3174,B,23.9318
0.192,-1.3239,-0.0512,32.7397,30.5947,Z,-0.9753,24.7197,A,59.1257
0.0935,-0.8597,1.147,61.7198,29.781,Z,-1.6137,15.8162,B,48.4733
0.0491,-1.7877,-1.2918,61.0839,9.3727,Y,1.0712,16.5618,B,45.1821
0.6725,2.1049,0.4667,58.2166,29.8539,Z,0.6103,26.8364,B,29.2993
0.3241,0.0587,0.61,61.5651,28.9204,X,0.7031,21.5404,B,33.902
0.4569,0.2448,0.5583,41.3247,28.7751,X,-0.8784,18.8412,B,54.2291
0.9352,-0.6761,0.4663,48.315,26.6345,Y,-1.1667,25.9317,A,53.607
0.6267,1.067,1.5183,36.1589,29.9407,Z,0.0769,18.062,B,40.0329
0.8107,-2.1032,0.4878,35.8184,13.6911,X,0.101,18.6011,A,26.9531
0.7623,0.0267,0.857,59.811,13.961,Z,-0.8543,17.6941,A,28.1264
0.9537,2.2067,0.5635,43.2809,12.6436,X,0.1422,10.1916,A,22.3207
0.0668,-0.3821,1.7931,72.7957,11.4116,Y,0.6446,24.3213,A,21.4602
0.3841,0.0171,-1.8998,50.7418,8.647,X,0.228,13.9546,A,18.23
0.9496,0.6722,1.2821,43.5958,32.8855,Y,-1.0394,17.1565,A,66.2164
0.4644,-0.8115,-0.261,57.9789,29.8877,X,-2.1127,16.2806,B,35.0984
0.9478,0.0228,-0.2807,68.0126,9.8622,X,-0.2589,23.635,A,22.123
0.1849,0.961,-0.9695,54.8613,29.4175,X,0.1644,19.6571,A,58.9946
0.0602,0.1944,-1.8687,37.8285,30.1839,X,-0.2601,20.0771,A,65.0663
0.8955,0.371,-0.3819,53.71,29.1296,X,-0.4284,11.6027,B,39.5083
0.4113,-0.3494,-0.6873,63.756,29.8324,Z,-0.6914,19.5628,B,40.769
0.5083,0.3156,0.4942,45.0676,7.8308,Z,0.7156,12.6183,B,58.7283
0.9363,0.0558,-1.4723,42.2636,29.2527,Z,-0.0524,21.536,A,57.0739
0.2194,1.4551,1.4316,60.1645,34.5611,X,0.1232,21.8336,A,69.6409
0.9682,0.7244,0.2719,51.3997,29.8608,X,-0.9715,19.913,A,55.889
0.3966,-0.2437,-0.2479,38.9746,29.5227,X,-0.6204,30.2157,B,43.4985
0.2474,-2.4468,-0.7094,46.2025,11.0647,X,0.1638,22.6386,A,19.6232
0.2337,0.7157,-0.7872,42.4434,11.4162,X,-1.0054,22.9791,A,25.4895
0.5184,0.7553,-1.1301,52.9627,27.7725,Y,-1.2593,20.7116,B,33.4292
0.467,-0.9169,-0.5444,51.0968,29.5857,X,-0.3292,19.0362,B,26.8743
0.8861,-1.9984,0.0061,61.5045,31.8366,Y,1.201,24.8296,B,32.5904
0.0508,-1.1418,-0.1774,57.0967,30.5397,Y,0.191,25.5072,A,59.1937
0.044,0.9262,-1.4145,34.3647,10.2439,Y,1.4596,13.4942,B,40.3652
0.1528,-1.0648,-0.2658,54.0699,33.108,X,-0.1315,25.2724,B,31.8765
0.6057,-0.4595,-0.8932,58.9693,28.6445,Z,-0.3101,22.5691,A,58.3503
0.7813,0.2204,0.1599,54.5588,30.1655,X,-1.3922,24.8035,A,60.2074
0.4798,1.2244,1.8647,60.3006,28.9599,Z,-0.5762,22.3309,A,55.8307
0.6138,-0.0182,0.625,44.5042,32.9806,Z,1.4352,13.7787,A,65.2647
0.6426,-0.1004,-0.3131,40.4917,6.0963,Z,0.3276,14.1354,B,37.9965
0.0193,-0.5488,-1.6249,59.3007,8.6597,Y,0.7331,29.123,A,16.291
0.2463,1.6307,-1.4147,39.3454,8.9417,Y,0.7051,21.2621,A,16.9086
0.9978,1.066,-1.6867,28.4046,11.3271,Z,-0.0095,12.9137,B,52.9417
0.3308,-0.0951,0.726,60.253,11.2126,Z,-0.2048,21.7407,B,22.4949
0.9466,-1.3966,-0.7651,42.7582,12.7904,Z,0.1192,18.1894,A,27.088
0.4923,-0.7903,0.0626,46.9393,26.8519,Z,0.6713,10.7829,A,55.0086
0.2226,0.5795,-0.622,36.0202,11.501,X,0.4579,8.5491,A,21.847
0.0024,-0.7215,0.0912,36.7447,29.4134,X,0.492,11.9867,B,33.5347
0.2176,0.8923,1.4017,38.4341,8.6687,Y,0.1541,21.359,A,15.5233
0.3215,0.3615,-0.6849,46.3935,31.0791,Y,-0.7699,19.7596,A,62.7229
0.4393,0.2927,-0.341,53.7,8.1597,Z,-0.2616,18.7542,B,39.3431
0.4472,0.6534,-0.8063,27.0219,5.8462,X,-0.9415,21.4234,A,11.4923
0.5483,0.4986,0.8746,57.5217,29.2596,X,1.0047,23.0057,A,60.5757
0.4741,-0.8552,-1.0257,38.18,27.0045,Z,-2.102,9.4875,A,59.3195
0.0329,-0.3258,-1.133,39.3369,28.7022,Z,-0.2179,18.4942,B,35.6181
0.267,2.3398,-1.3877,56.7786,30.7431,X,2.3872,15.8604,A,63.1721
0.962,-1.2079,-1.4085,49.2537,30.624,X,-0.3415,13.834,A,61.1785
0.0274,-0.4745,0.4709,34.6357,13.1738,Z,-1.1348,17.264,B,47.1742
0.7341,1.0657,2.5691,68.4459,29.6007,Y,-0.018,19.3856,A,58.8573
0.4764,-0.1593,-0.9954,41.3938,6.9333,X,1.2894,18.6682,B,47.392
0.7069,-0.8121,0.9515,52.4732,28.4878,Y,-0.1605,12.7267,A,55.2622
0.3325,-1.3232,0.2511,51.9989,28.1612,Y,0.6133,17.5843,A,54.5091
0.3701,0.536,-1.102,64.1133,27.5643,X,0.1,30.0792,B,51.1181
0.5168,1.0199,-0.2767,45.4433,10.8707,Z,-0.3729,14.7272,B,38.8345
0.9097,1.3999,-0.2329,60.0809,8.7095,Y,3.1503,11.5645,B,38.6069
0.3284,0.0538,-0.6907,42.5811,6.0453,Z,0.0712,21.3762,A,10.0837
0.0859,1.045,1.9306,61.2213,11.3938,X,-0.5372,22.9831,B,29.0678
0.0383,-1.0329,-1.9061,42.3702,29.7771,Z,-0.49,22.3202,A,58.7636
0.8816,0.168,0.381,46.3779,30.7137,Z,0.3806,14.4014,B,35.7555
0.3137,-0.6774,0.3315,68.9597,10.2114,Y,0.4092,24.9905,B,37.0497
0.1195,0.1738,-0.5796,53.1697,31.2633,X,0.772,16.0733,A,61.6723
0.5964,0.7507,0.1495,51.0976,30.076,Z,0.1411,14.3256,A,61.6395
0.8449,1.0697,0.8776,72.4205,12.4724,Z,-1.4316,16.9576,B,39.836
0.5995,-0.9899,0.1527,53.6136,30.85,X,0.5319,19.4565,A,60.9019
0.1517,1.2675,0.4173,41.8386,30.7841,X,-0.309,23.5705,B,47.9202
0.4057,-0.4744,0.6929,57.3463,10.8197,X,-0.2861,23.1192,B,39.3574
0.2665,-1.0257,-2.0321,38.1832,27.0867,X,-1.4829,19.8875,B,38.4857
0.0166,-0.1706,1.4784,61.2832,29.6707,Z,-0.5735,24.6645,B,33.3546
0.9657,-1.4626,2.2783,62.0598,29.4814,X,-0.7268,20.4074,B,43.2189
0.4592,0.0046,0.9808,44.2704,10.4151,Z,-0.0365,24.4799,A,20.4353
0.1347,0.2897,1.0137,43.721,27.2826,Z,-1.4534,12.9807,A,52.1287
0.8849,-0.2004,-1.4082,51.765,33.2682,Z,0.0507,12.1291,B,54.0135
0.9851,0.5362,-0.1184,50.1416,30.2088,X,0.1243,23.8786,B,39.741
0.816,-0.3147,-0.812,40.2231,27.5774,Y,-1.1198,13.0496,B,28.0212
0.2536,0.0041,-0.5872,55.6809,6.5822,X,-0.6247,18.4924,A,16.4536
0.1905,-1.4407,0.967,29.5812,29.4374,Y,-0.8576,19.5095,A,59.8888
0.5251,0.0427,-0.8039,45.6714,29.8206,Y,0.9076,17.5602,A,63.219
0.5835,-0.851,-0.1301,45.9606,28.5634,Z,-2.5283,17.7326,A,58.7206
0.8784,-0.4498,-1.9086,47.2673,10.1842,Z,-0.3433,26.9631,A,23.3477
0.9672,-0.0937,-0.1584,53.0722,8.7176,Y,-1.6605,7.352,B,27.8386
0.9104,0.191,0.09,37.7198,31.1033,Z,-0.4317,24.4194,B,45.2291
0.3421,-1.6467,-0.7048,55.8852,8.5509,Y,0.8467,31.4759,A,16.6049
0.5856,-1.5634,-0.7199,48.1985,29.923,Z,-0.6306,20.1179,A,61.2803
0.1239,-0.302,1.8864,43.4978,31.9577,Z,0.1384,19.9051,B,34.5921
0.5189,0.4744,-1.2097,36.3317,15.1433,X,-0.8448,23.6319,A,35.6977
0.0708,0.3602,-1.0506,38.1689,7.9847,Y,1.9395,29.1443,A,13.5224
0.1113,0.8928,-0.809,53.6032,29.071,Y,0.9132,14.0598,A,60.4945
0.1219,1.3011,1.1988,40.3615,28.3203,Z,1.1272,20.4384,B,49.4577
0.3014,0.4964,2.1015,50.642,11.5687,Z,-1.3282,19.0689,B,49.6998
0.3097,-0.0199,0.3322,60.6198,7.7038,Z,-1.1011,22.7969,A,18.8035
0.705,-1.0315,-0.7173,60.3264,9.0313,X,1.0798,20.7959,A,18.9048
0.076,-0.9461,-0.4277,65.604,29.9408,Z,-0.1944,23.2983,A,61.412
0.1111,-0.4672,1.0648,47.0371,28.0426,X,-0.2579,17.8918,A,58.6446
0.6563,0.2675,-0.9111,39.1485,8.0853,Z,0.3338,20.245,B,38.9523
0.6728,0.2207,1.4529,60.2053,9.0488,Z,-1.2552,16.6483,B,42.5114
0.7104,0.0042,1.4166,53.096,25.7991,Z,0.7729,16.6785,B,36.935
0.7201,-0.1527,0.0702,61.2395,7.109,Z,0.0183,19.2923,A,12.8775
0.6629,0.6305,0.6461,50.1106,9.1739,Z,0.4792,19.29,A,19.1827
0.5526,0.2083,0.7497,61.9565,10.2965,Y,-0.6706,14.1376,A,18.8169
0.7414,0.2978,1.5542,58.4639,29.6285,Y,0.5132,27.8503,B,51.5544
0.0815,0.3084,-1.0515,57.1642,6.4521,X,-0.7049,19.3246,A,11.5216
0.2118,-0.5463,1.1812,55.0352,29.0724,Y,0.9544,13.0815,A,56.8817
0.7415,-1.0308,-0.3752,53.977,31.5969,X,1.1296,25.5077,B,47.4137
0.1926,0.4911,-0.7678,52.3304,11.1117,Z,0.9119,16.2586,A,21.9309
0.5308,0.4167,0.1027,52.2591,9.8425,Y,0.5165,22.5414,A,19.9846
0.2603,-0.22,-0.2143,59.9019,28.2253,Z,0.6338,19.9149,A,57.3766
0.4313,-0.4157,-0.9875,44.8802,11.2624,Z,-2.7059,21.2531,A,19.623
0.8342,2.2784,-1.5973,67.3569,8.8421,Y,0.8349,20.8551,A,21.7378
0.6606,-0.7592,-0.9421,48.9376,7.6615,Z,-0.274,17.1242,B,32.1264
0.4452,-0.2175,1.4524,59.8538,8.3956,X,0.0949,20.2047,A,19.1583
0.2735,0.2655,1.9626,49.0976,32.8967,Y,-0.2837,30.1655,B,49.5376
0.805,-1.1542,0.6501,47.5333,10.4404,X,-1.3911,8.812,B,36.1208
0.657,0.1172,1.1859,70.3224,12.3185,X,-0.5386,20.3298,A,26.1241
0.4399,1.7977,-0.5168,46.9066,29.0413,Y,0.6585,22.1749,B,56.2243
0.8693,0.9339,-0.0772,37.2278,31.8763,Z,1.4174,14.7386,B,36.3885
0.6925,0.6322,0.2828,42.8592,8.797,Z,-0.6229,13.1483,A,16.8609
0.9806,0.5924,-1.0813,46.8277,29.6851,Z,-0.904,30.7946,A,59.1877
0.6644,0.112,-0.9899,71.5519,34.9727,Z,1.4518,18.1425,A,71.0677
0.8999,0.9584,0.0972,52.0676,11.5343,Z,-0.8826,30.395,A,23.9115
0.5504,-0.1559,-0.3203,59.3471,28.9977,Y,2.0736,22.6788,A,54.5532
0.71,-0.4228,-1.0636,39.984,9.8304,X,0.0506,20.3807,B,36.1014
0.8424,0.102,0.3865,53.5261,30.6524,Y,-0.8834,22.3799,B,32.6164
0.0905,0.9057,-0.2633,56.7148,32.4209,Z,0.9843,23.175,A,66.3604
0.4742,0.3304,1.0214,68.0163,29.0217,Y,1.6933,25.8983,A,64.02
0.6056,0.6745,-0.0052,43.0373,26.5174,Z,-1.4347,22.1791,B,34.9292
0.0578,-2.0241,-0.3003,56.0349,9.4407,X,1.559,20.7231,B,42.645
0.7892,1.1931,0.1277,53.0258,10.0308,Y,-0.2814,20.8814,A,16.275
0.7155,2.3406,-0.172,39.7829,30.2191,X,1.4863,26.7596,B,62.5955
0.9362,1.3349,-0.668,49.8054,32.6334,Z,-0.3805,24.0848,B,34.3315
0.372,-0.3176,-0.402,47.3653,10.6334,Y,-1.5772,14.9899,B,51.0734
0.4692,-0.8484,0.7494,26.7463,11.6258,X,0.502,16.8219,B,39.5812
0.9119,0.2775,0.6465,55.9867,27.7978,Y,0.9266,21.6537,B,38.9859
0.4115,-0.987,1.2862,55.4024,31.7358,Y,2.096,16.8854,A,65.511
0.8344,0.7257,-1.693,45.6107,34.1924,Z,1.7236,18.1176,B,47.1519
0.4214,-0.5254,-0.3931,36.6144,11.5458,Z,0.6952,15.2204,A,23.8486
0.3378,0.9607,-0.4146,64.7988,10.5071,X,-0.2377,18.6918,A,20.7854
0.2773,1.3621,0.1718,52.66,30.308,X,-0.5207,22.1181,A,63.43
0.2135,-2.0323,-0.4522,60.167,33.5743,Z,-0.2949,24.9758,A,64.7214
0.4314,0.2928,-0.5132,64.1032,28.1456,Y,-0.8309,20.0462,B,44.0772
0.1616,-0.6983,0.783,44.7909,29.7778,X,-0.2746,30.3743,A,59.8898
0.828,-1.4098,0.1781,58.1215,30.9204,Y,-2.5445,19.6179,A,64.8447
0.9744,-0.6173,-1.1664,47.5885,31.488,Y,0.1789,35.9671,A,62.5718
0.0974,-0.2189,1.3345,49.3745,29.1253,Z,-0.0289,25.0083,A,57.3922
0.0548,1.0337,0.9968,49.1438,10.6146,Z,2.5659,22.4836,A,21.4652
0.0037,-1.5214,-0.574,49.9868,29.4442,Z,0.7587,17.5048,A,57.9748
0.9321,1.0508,0.8313,61.1396,10.2409,X,-0.4802,5.8775,A,23.6602
0.0738,2.0181,-0.7352,51.2383,29.7358,Z,0.5647,19.2243,A,57.6079
0.6802,0.5974,1.1257,48.4627,27.7168,Z,-1.2258,20.8911,B,28.4976
0.3038,0.5459,-0.2178,47.2346,29.9578,Y,-0.6027,29.6123,A,61.7094
0.1982,-0.0134,-0.8028,53.4131,31.7543,Z,-1.8676,13.1013,A,60.9352
0.2463,-1.175,-0.3731,41.0513,8.066,Y,1.4363,29.5294,B,49.8547
0.6897,0.5348,-0.7658,44.9734,29.5178,Z,0.5933,18.7438,A,60.4108
0.018,0.384,0.1921,49.4772,11.3296,Y,-1.1756,23.6203,A,22.4435
0.8648,0.7316,0.1751,44.3415,27.8603,X,-0.0605,7.3008,A,50.4102
0.5678,2.5688,0.0358,48.8152,30.3653,X,0.9498,20.6952,B,39.181
0.2356,0.7278,-0.5566,43.8922,7.8797,Y,0.4951,18.2813,A,15.7472
0.2083,0.4257,-3.6611,70.0396,32.2693,Z,0.3823,23.4121,B,40.6813
0.6547,1.5619,0.0928,63.2906,34.6256,Z,-0.8578,20.4561,B,41.4021
0.6293,-1.3452,-1.8962,54.4995,14.0445,Z,-0.6372,14.2888,A,25.8955
0.3181,-1.1427,0.2442,49.4638,29.5616,Z,0.0952,24.7349,A,58.2097
0.334,-0.3752,1.1308,71.9076,31.4804,X,0.9203,23.4731,A,66.1239
0.4634,-0.6549,0.2739,53.2295,10.242,X,-0.8289,22.9838,A,18.1868
0.9105,0.6939,-0.3894,49.1315,10.2042,Z,-1.1214,25.0446,A,18.2285
0.5383,-0.3174,-0.1799,53.0313,33.0955,X,1.144,25.5048,A,69.1528
0.8401,1.7399,-0.1331,53.0594,27.3616,X,-0.9303,19.8909,B,41.4963
0.6409,1.5204,-0.5492,64.1032,12.1106,Z,1.0772,13.2117,A,24.4596
0.5621,0.7701,-0.5838,49.8104,29.902,X,0.2431,13.0752,B,39.5391
0.4897,-0.386,-0.9239,70.9932,32.8171,X,0.881,26.7488,A,68.8036
0.6806,0.617,1.1882,41.1798,30.3745,Z,1.7444,23.5522,A,61.4141
0.4915,0.8111,-0.0156,56.9405,8.6547,X,0.6887,20.5101,A,15.4952
0.726,-1.0666,0.9563,39.9817,10.5543,Z,0.776,17.8268,A,20.9722
0.1821,0.3488,-0.2501,68.171,31.4719,X,-0.9178,20.1578,A,65.4721
0.3223,0.7061,0.0722,46.6943,10.0715,X,-0.6952,20.124,A,22.0781
0.8732,0.2165,-0.1704,49.4181,10.9761,Y,0.6439,18.3162,A,21.954
0.3952,1.5711,0.4628,59.2424,28.9566,Y,1.5343,16.5049,B,33.9515
0.8431,1.2142,0.8266,62.5534,25.7322,Y,1.3921,30.8216,B,41.7641
0.938,-0.8256,0.2397,38.8812,31.8,X,2.3167,21.1428,B,52.4318
0.5785,0.1245,-0.6738,46.5384,11.3983,Z,0.3109,16.971,A,22.8969
0.1019,-0.8355,-0.78,36.0508,30.2964,X,0.2028,13.4897,A,60.3613
0.7569,0.5796,1.6592,51.3731,10.1368,Z,1.0062,16.3715,B,28.6985
0.6659,-0.8671,-0.28,48.9863,32.0726,Y,0.0189,23.5986,A,62.9558
0.2908,0.9233,-0.2911,46.5107,9.0858,X,-0.0625,23.7919,A,22.1433
0.863,0.3881,1.465,43.1554,28.5869,Y,-1.0474,18.9082,B,40.2286
0.4827,0.9708,1.0879,46.1409,9.6229,Z,0.9912,20.2586,A,19.2606
0.057,-0.1451,0.5338,42.536,12.3782,Y,-1.072,18.4747,A,22.4306
0.068,-1.4563,-0.3994,55.2896,7.2258,Z,0.5123,14.4608,B,47.0666
0.2283,1.7658,2.3532,65.1595,32.3837,X,-1.4192,26.5084,B,61.6182
0.6098,-0.1726,0.393,30.6928,28.7215,Z,1.0963,21.8632,A,56.4622
0.8152,1.3767,0.547,48.8403,7.7985,X,-1.0288,32.3818,B,50.1096
0.099,0.4302,-0.1711,45.8183,32.5201,Z,0.8435,16.2191,B,44.3367
0.0223,0.6739,-1.4143,54.9237,29.8062,X,-1.5893,19.3123,A,61.1061
0.6225,1.8297,-1.3348,40.4823,27.3995,Y,-0.4398,24.4149,B,50.6934
0.4095,0.3402,0.407,48.5356,9.2825,Z,1.1783,18.7745,B,30.1234
0.4416,1.4002,0.3918,39.6041,11.8621,X,-0.8053,13.0615,B,38.3147
0.8207,-1.4843,-0.24,56.967,12.3841,Z,0.0672,15.2557,A,26.0874
0.919,0.8711,-1.1717,50.9927,9.1458,Z,-0.4784,20.5038,A,18.0096
0.9672,-0.2419,-1.4417,48.3853,10.8126,Y,-2.3094,21.7168,A,20.2508
0.7792,-0.1341,-0.3279,53.7019,31.4282,Y,0.3081,19.527,B,43.0947
0.0033,0.0087,-1.4561,47.5352,8.7107,Z,0.4323,25.0174,B,33.9081
0.1505,0.3465,0.8989,34.4618,10.7101,Y,-1.1078,24.9638,B,29.685
0.5873,1.6572,1.1527,55.9573,29.9362,Z,0.5737,21.6139,A,59.9217
0.9553,-1.8537,2.829,52.8827,28.928,Z,-0.7957,20.1345,B,34.3184
0.0814,0.044,0.8783,48.4592,9.0157,Y,-1.0034,18.7355,B,29.5377
0.5149,-0.7165,-0.5928,59.8492,30.1341,Z,0.0069,22.7551,A,56.8268
0.3965,1.1658,-0.8717,62.185,10.0597,Y,-0.6814,24.5981,A,17.4425
0.4068,-0.4231,-3.4517,39.0772,28.869,Z,2.2924,20.303,B,25.1794
0.2686,0.4568,-0.5949,42.1892,9.1481,Y,-1.5549,22.25,A,19.939
0.2708,-0.3975,-0.177,65.4729,32.2267,Y,0.7384,18.3784,B,26.9189
0.2384,0.6681,0.9678,64.1885,30.4277,Y,0.9889,12.9423,A,59.8698
0.1032,1.0148,0.6116,42.6161,31.7702,Y,-1.9793,14.9952,A,64.3113
0.5541,-0.3974,0.5883,38.1929,12.4036,Y,-1.7325,23.8288,A,27.3125
0.4459,0.0491,0.2136,43.6243,31.1777,Z,0.5624,22.235,A,63.6912
0.7129,-1.4204,0.6609,45.0188,34.5418,X,-0.4815,27.9511,A,69.1259
0.6399,0.3054,1.4476,34.1593,8.3494,Y,0.3836,20.2805,A,21.0747
0.9528,0.8563,-1.0649,50.3117,11.6168,Y,1.1394,24.3239,B,38.2658
0.3396,-0.5554,-0.4573,37.1982,9.3637,X,-0.3721,26.6151,B,37.384
0.8825,1.1204,-1.3885,37.8961,33.7116,Z,-1.064,24.9723,B,53.6734
0.3848,-2.0733,1.6187,59.1611,33.4009,Z,-2.7294,16.9573,B,37.2928
0.6607,-1.8513,1.2969,43.1681,6.0916,Y,0.2046,19.0772,B,30.7504
0.805,-1.3882,0.7523,49.2853,28.0623,Z,-0.9286,20.6489,B,29.4645
0.3968,-0.4848,-1.1986,56.291,11.3286,X,0.3134,15.0707,A,24.0302
0.4462,0.0186,0.1729,58.1322,31.5797,Z,0.2316,22.3714,B,42.4419
0.6313,-0.0789,-0.2346,46.6298,31.4731,Y,-1.3845,25.1199,B,29.0264
0.1108,-0.0671,0.0808,50.4412,29.8583,X,1.7239,17.5957,B,32.1168
0.5318,0.7236,-0.1881,41.7459,10.9102,Z,1.0833,29.8628,B,44.2777
0.0949,-0.4721,0.52,67.4738,11.306,X,0.8483,18.5464,B,44.6181
0.2249,-1.2636,-0.3948,56.4995,29.8443,Z,-1.1845,18.9852,A,58.9596
0.6231,-1.2438,0.8546,38.9676,12.0546,Z,-0.4074,18.8086,B,44.9777
0.9722,2.1127,0.2414,50.0406,5.481,Z,-0.5469,16.4586,A,12.4674
0.9994,-2.3521,-0.2931,57.1355,31.2676,Z,-0.4148,22.0893,B,25.7353
0.2607,-0.1763,-0.1119,54.7941,27.9319,Z,-1.1241,20.1001,B,37.5035
0.1463,1.4579,-0.4406,68.2917,31.9174,X,0.4346,28.3069,B,43.321
0.5186,0.4834,0.8139,63.7232,29.5426,Z,0.2292,23.0365,B,35.4154
0.4414,-0.8296,-0.2715,44.6069,28.2224,Y,0.3654,22.6884,A,57.2835
0.3794,0.0022,0.2949,49.1082,30.7478,Y,-0.5059,18.8923,A,59.7356
0.7685,0.8639,-0.3924,37.1846,28.1773,X,1.291,12.9288,B,46.0167
0.7097,1.2081,-1.4851,52.4945,28.1745,Y,0.1877,19.5525,A,56.499
0.5618,-0.8993,0.9061,51.5102,26.8654,Y,-2.7378,15.7485,A,53.3916
0.6215,0.7605,-1.0581,77.0348,9.9466,X,-0.6401,24.7592,A,15.8501
0.5819,0.2525,0.6792,50.9758,10.9936,Z,-0.057,19.8478,B,30.9829
0.6769,1.1044,0.4202,29.0675,32.0461,Z,0.9653,28.3287,A,63.7376
0.9278,1.3904,-1.656,43.2791,9.7165,Y,-0.3007,23.6766,B,49.8736
0.9467,-0.3433,-0.9447,51.1235,32.0957,X,-0.2501,24.1777,B,47.8641
0.9795,-1.4496,-0.5141,37.4398,30.0359,Z,-0.6628,21.1533,A,59.4897
